﻿[
  {
    "name": "陈春华",
    "education": "中专",
    "sex": "女",
    "birth_date": "1961/12/17",
    "ethnic": "汉族",
    "health_condition": "良好",
    "address": "景谷中路58弄31号",
    "phone": "13701951855",
    "branch": "中共闵行区江川路街道凤凰景苑居民区支部委员会",
    "job": "1",
    "time": "2008/7/1",
    "x": "2396",
    "y": "727",
    "sort": "2",
    "political_status": "党员",
    "three": "4",
    "topic": "4"
  },
  {
    "name": "黄正其",
    "education": "高中、中技",
    "sex": "男",
    "birth_date": "1957/8/9",
    "ethnic": "汉族",
    "health_condition": "良好",
    "address": "景谷中路58弄5号",
    "phone": "13818143061",
    "branch": "中共闵行区江川路街道凤凰景苑居民区支部委员会",
    "job": "1",
    "time": "1986/7/25",
    "x": "2357",
    "y": "1134",
    "sort": "2",
    "political_status": "党员",
    "three": "4",
    "topic": "4"
  },
  {
    "name": "金庭栋",
    "education": "研究生",
    "sex": "男",
    "birth_date": "1979/12/1",
    "ethnic": "汉族",
    "health_condition": "良好",
    "address": "景谷中路58弄50号",
    "phone": "13585988665",
    "branch": "中共闵行区江川路街道凤凰景苑居民区支部委员会",
    "job": "1",
    "time": "2011/1/18",
    "x": "2492",
    "y": "536",
    "sort": "2",
    "political_status": "党员",
    "three": "3",
    "topic": "3"
  },
  {
    "name": "金文浩",
    "education": "大学本科",
    "sex": "男",
    "birth_date": "1969/1/7",
    "ethnic": "汉族",
    "health_condition": "良好",
    "address": "景谷中路58弄43号",
    "phone": "13381996931",
    "branch": "中共闵行区江川路街道凤凰景苑居民区支部委员会",
    "job": "1",
    "time": "1998/6/4",
    "x": "1885",
    "y": "480",
    "sort": "2",
    "political_status": "党员",
    "three": "5",
    "topic": "5"
  },
  {
    "name": "李忠玉",
    "education": "大学本科",
    "sex": "女",
    "birth_date": "1962/12/19",
    "ethnic": "汉族",
    "health_condition": "良好",
    "address": "景谷中路58弄7号",
    "phone": "18017830700",
    "branch": "中共闵行区江川路街道凤凰景苑居民区支部委员会",
    "job": "1",
    "time": "1989/11/11",
    "x": "1880",
    "y": "1003",
    "sort": "2",
    "political_status": "党员",
    "three": "3",
    "topic": "3"
  },
  {
    "name": "马功正",
    "education": "大学本科",
    "sex": "男",
    "birth_date": "1945/6/3",
    "ethnic": "汉族",
    "health_condition": "良好",
    "address": "景谷中路58弄21号",
    "phone": "64628518",
    "branch": "中共闵行区江川路街道凤凰景苑居民区支部委员会",
    "job": "1",
    "time": "1985/4/1",
    "x": "1745",
    "y": "762",
    "sort": "2",
    "political_status": "党员",
    "three": "3",
    "topic": "3"
  },
  {
    "name": "萨本佶",
    "education": "大学本科",
    "sex": "男",
    "birth_date": "1935/7/5",
    "ethnic": "蒙古族",
    "health_condition": "良好",
    "address": "景谷中路58弄3号",
    "phone": "13916608729",
    "branch": "中共闵行区江川路街道凤凰景苑居民区支部委员会",
    "job": "1",
    "time": "1983/1/1",
    "x": "1664",
    "y": "1103",
    "sort": "2",
    "political_status": "党员",
    "three": "5",
    "topic": "5"
  },
  {
    "name": "孙同兴",
    "education": "初中及以下",
    "sex": "男",
    "birth_date": "1944/6/9",
    "ethnic": "汉族",
    "health_condition": "良好",
    "address": "景谷中路58弄2号",
    "phone": "54714327",
    "branch": "中共闵行区江川路街道凤凰景苑居民区支部委员会",
    "job": "1",
    "time": "1969/7/1",
    "x": "1778",
    "y": "1157",
    "sort": "2",
    "political_status": "党员",
    "three": "4",
    "topic": "4"
  },
  {
    "name": "孙叶蕾",
    "education": "高中、中技",
    "sex": "女",
    "birth_date": "1988/1/2",
    "ethnic": "汉族",
    "health_condition": "良好",
    "address": "景谷中路58弄7号",
    "phone": "13564298102",
    "branch": "中共闵行区江川路街道凤凰景苑居民区支部委员会",
    "job": "1",
    "time": "2010/3/18",
    "x": "1894",
    "y": "1017",
    "sort": "2",
    "political_status": "党员",
    "three": "2",
    "topic": "2"
  },
  {
    "name": "陶益",
    "education": "大学本科",
    "sex": "男",
    "birth_date": "1954/5/3",
    "ethnic": "汉族",
    "health_condition": "良好",
    "address": "景谷中路58弄33号",
    "phone": "13901862625",
    "branch": "中共闵行区江川路街道凤凰景苑居民区支部委员会",
    "job": "1",
    "time": "1984/5/3",
    "x": "2173",
    "y": "685",
    "sort": "2",
    "political_status": "党员",
    "three": "5",
    "topic": "5"
  },
  {
    "name": "王海琳",
    "education": "大学本科",
    "sex": "女",
    "birth_date": "1955/2/17",
    "ethnic": "汉族",
    "health_condition": "良好",
    "address": "景谷中路58弄36号",
    "phone": "17317808897",
    "branch": "中共闵行区江川路街道凤凰景苑居民区支部委员会",
    "job": "1",
    "time": "1992/3/14",
    "x": "1598",
    "y": "582",
    "sort": "2",
    "political_status": "党员",
    "three": "6",
    "topic": "6"
  },
  {
    "name": "王艳梅",
    "education": "高中、中技",
    "sex": "女",
    "birth_date": "1958/8/25",
    "ethnic": "汉族",
    "health_condition": "良好",
    "address": "景谷中路58弄36号",
    "phone": "13916022782",
    "branch": "中共闵行区江川路街道凤凰景苑居民区支部委员会",
    "job": "1",
    "time": "1990/1/20",
    "x": "1552",
    "y": "585",
    "sort": "2",
    "political_status": "党员",
    "three": "5",
    "topic": "5"
  },
  {
    "name": "吴之昊",
    "education": "大学本科",
    "sex": "男",
    "birth_date": "1986/11/20",
    "ethnic": "汉族",
    "health_condition": "良好",
    "address": "景谷中路58弄45号",
    "phone": "18621330050",
    "branch": "中共闵行区江川路街道凤凰景苑居民区支部委员会",
    "job": "1",
    "time": "2014/10/30",
    "x": "2112",
    "y": "487",
    "sort": "2",
    "political_status": "党员",
    "three": "6",
    "topic": "6"
  },
  {
    "name": "阎桂英",
    "education": "初中及以下",
    "sex": "女",
    "birth_date": "1950/2/2",
    "ethnic": "汉族",
    "health_condition": "良好",
    "address": "景谷中路58弄52号",
    "phone": "64622087",
    "branch": "中共闵行区江川路街道凤凰景苑居民区支部委员会",
    "job": "1",
    "time": "1974/5/29",
    "x": "2601",
    "y": "452",
    "sort": "2",
    "political_status": "党员",
    "three": "6",
    "topic": "6"
  },
  {
    "name": "杨连波",
    "education": "大学本科",
    "sex": "男",
    "birth_date": "1972/8/21",
    "ethnic": "汉族",
    "health_condition": "良好",
    "address": "景谷中路58弄25号",
    "phone": "13701973823",
    "branch": "中共闵行区江川路街道凤凰景苑居民区支部委员会",
    "job": "1",
    "time": "1994/10/1",
    "x": "2233",
    "y": "910",
    "sort": "2",
    "political_status": "党员",
    "three": "6",
    "topic": "6"
  },
  {
    "name": "郁文富",
    "education": "大学本科",
    "sex": "男",
    "birth_date": "1935/6/27",
    "ethnic": "汉族",
    "health_condition": "良好",
    "address": "景谷中路58弄51号",
    "phone": "64303427",
    "branch": "中共闵行区江川路街道凤凰景苑居民区支部委员会",
    "job": "1",
    "time": "1979/4/19",
    "x": "2673",
    "y": "478",
    "sort": "2",
    "political_status": "党员",
    "three": "6",
    "topic": "6"
  },
  {
    "name": "张国珍",
    "education": "大学本科",
    "sex": "女",
    "birth_date": "1954/8/30",
    "ethnic": "汉族",
    "health_condition": "良好",
    "address": "景谷中路58弄26号",
    "phone": "13601638281",
    "branch": "中共闵行区江川路街道凤凰景苑居民区支部委员会",
    "job": "1",
    "time": "1999/9/6",
    "x": "2366",
    "y": "945",
    "sort": "2",
    "political_status": "党员",
    "three": "5",
    "topic": "5"
  },
  {
    "name": "赵士林",
    "education": "高中、中技",
    "sex": "男",
    "birth_date": "1941/1/31",
    "ethnic": "汉族",
    "health_condition": "良好",
    "address": "景谷中路58弄49号",
    "phone": "64305051",
    "branch": "中共闵行区江川路街道凤凰景苑居民区支部委员会",
    "job": "1",
    "time": "1974/3/17",
    "x": "2587",
    "y": "569",
    "sort": "2",
    "political_status": "党员",
    "three": "6",
    "topic": "6"
  },
  {
    "name": "周建明",
    "education": "初中及以下",
    "sex": "男",
    "birth_date": "1955/12/17",
    "ethnic": "汉族",
    "health_condition": "良好",
    "address": "景谷中路58弄58号",
    "phone": "64357770",
    "branch": "中共闵行区江川路街道凤凰景苑居民区支部委员会",
    "job": "1",
    "time": "1992/5/9",
    "x": "2029",
    "y": "369",
    "sort": "2",
    "political_status": "党员",
    "three": "4",
    "topic": "4"
  },
  {
    "name": "周利璋",
    "education": "大学本科",
    "sex": "男",
    "birth_date": "1951/6/5",
    "ethnic": "汉族",
    "health_condition": "良好",
    "address": "景谷中路58弄36号",
    "phone": "65572497",
    "branch": "中共闵行区江川路街道凤凰景苑居民区支部委员会",
    "job": "1",
    "time": "1981/12/1",
    "x": "1601",
    "y": "580",
    "sort": "2",
    "political_status": "党员",
    "three": "3",
    "topic": "3"
  },
  {
    "name": "周荣华",
    "education": "大学本科",
    "sex": "男",
    "birth_date": "1955/8/13",
    "ethnic": "汉族",
    "health_condition": "良好",
    "address": "景谷中路58弄28号",
    "phone": "021-61760923",
    "branch": "中共闵行区江川路街道凤凰景苑居民区支部委员会",
    "job": "1",
    "time": "1991/11/8",
    "x": "2029",
    "y": "366",
    "sort": "2",
    "political_status": "党员",
    "three": "3",
    "topic": "3"
  },
  {
    "name": "周永红",
    "education": "大学本科",
    "sex": "女",
    "birth_date": "1971/9/9",
    "ethnic": "汉族",
    "health_condition": "良好",
    "address": "景谷中路58弄33号",
    "phone": "13391126606",
    "branch": "中共闵行区江川路街道凤凰景苑居民区支部委员会",
    "job": "1",
    "time": "1995/12/1",
    "x": "2159",
    "y": "689",
    "sort": "2",
    "political_status": "党员",
    "three": "4",
    "topic": "4"
  },
  {
    "name": "朱伯群",
    "education": "大学本科",
    "sex": "男",
    "birth_date": "1946/10/3",
    "ethnic": "汉族",
    "health_condition": "良好",
    "address": "景谷中路58弄21号",
    "phone": "13701713078",
    "branch": "中共闵行区江川路街道凤凰景苑居民区支部委员会",
    "job": "1",
    "time": "1973/6/25",
    "x": "1717",
    "y": "762",
    "sort": "2",
    "political_status": "党员",
    "three": "2",
    "topic": "2"
  }
]