[
  {
    "name": "文绮中学",
    "icon": "images/文绮中学.jpg",
    "introduction": "上海市民办文绮中学具备优质的师资和严谨的校风，注重对学生进行道德情操、理想和社会责任感的培养，注重求知欲、创造能力和科学精神的培养",
    "address": "上海市闵行区江川东路980号",
    "children": [
      {
        "unit": "中共闵行区凤凰景苑居民区支部委员会",
        "project": "小城大爱系列活动",
        "content": "2018年凤凰景苑党组织以小城大爱为主题开展相关的系列活动，4月28日的募捐活动、6月2日的公益集市、7月8日的音乐节等，需要各家共建单位鼎力相助。"
      },
      {
        "unit": "中共闵行区凤凰景苑居民区支部委员会",
        "project": "凤凰景苑暑期活动",
        "content": "需要各个共建单位提供教育、参观、讲座等形式丰富多样的师资或活动，来丰富凤凰景苑社区青少年的暑期活动。"
      },
      {
        "unit": "中共闵行区凤凰景苑居民区支部委员会",
        "project": "党员组织生活",
        "content": "根据各家共建单位的特色，凤凰景苑党组织将丰富本组织的党员组织生活，例如参观学习、学习党课等。"
      }
    ]
  },
  {
    "name": "鹤庆幼儿园",
    "icon": "images/鹤庆幼儿园.jpg",
    "introduction": "上海市闵行鹤庆幼儿园创办于1989年12月，是上海市一级一类幼儿园，上海市首轮新课程试点单位，区艺术教育特色园",
    "address": "上海市闵行区石屏路399弄40号",
    "children": [
      {
        "unit": "中共闵行区凤凰景苑居民区支部委员会",
        "project": "小城大爱系列活动",
        "content": "2018年凤凰景苑党组织以小城大爱为主题开展相关的系列活动，4月28日的募捐活动、6月2日的公益集市、7月8日的音乐节等，需要各家共建单位鼎力相助。"
      },
      {
        "unit": "中共闵行区凤凰景苑居民区支部委员会",
        "project": "凤凰景苑暑期活动",
        "content": "需要各个共建单位提供教育、参观、讲座等形式丰富多样的师资或活动，来丰富凤凰景苑社区青少年的暑期活动。"
      },
      {
        "unit": "中共闵行区凤凰景苑居民区支部委员会",
        "project": "党员组织生活",
        "content": "根据各家共建单位的特色，凤凰景苑党组织将丰富本组织的党员组织生活，例如参观学习、学习党课等。"
      }
    ]
  },
  {
    "name": "江川路小学",
    "icon": "images/江川路小学.jpg",
    "introduction": "学校以“依法治校”为准则，以培养学生的动手实践与创新能力为核心，努力为每个学生生动活泼主动的发展以及德、智、体、美、劳等全面发展营造良好的环境、提供广阔的空间，培养“真诚守信，乐学创新”的新世纪少年儿童。",
    "address": "上海市闵行区安宁路495号",
    "children": [
      {
        "unit": "中共闵行区凤凰景苑居民区支部委员会",
        "project": "小城大爱系列活动",
        "content": "2018年凤凰景苑党组织以小城大爱为主题开展相关的系列活动，4月28日的募捐活动、6月2日的公益集市、7月8日的音乐节等，需要各家共建单位鼎力相助。"
      },
      {
        "unit": "中共闵行区凤凰景苑居民区支部委员会",
        "project": "凤凰景苑暑期活动",
        "content": "需要各个共建单位提供教育、参观、讲座等形式丰富多样的师资或活动，来丰富凤凰景苑社区青少年的暑期活动。"
      },
      {
        "unit": "中共闵行区凤凰景苑居民区支部委员会",
        "project": "党员组织生活",
        "content": "根据各家共建单位的特色，凤凰景苑党组织将丰富本组织的党员组织生活，例如参观学习、学习党课等。"
      }
    ]
  },
  {
    "name": "苏宁江川店",
    "icon": "images/苏宁.jpg",
    "introduction": "苏宁江川店是苏宁电器下在江川的分店，主要以销售电器为主",
    "address": "上海市闵行区江川路287号",
    "children": [
      {
        "unit": "中共闵行区凤凰景苑居民区支部委员会",
        "project": "小城大爱系列活动",
        "content": "2018年凤凰景苑党组织以小城大爱为主题开展相关的系列活动，4月28日的募捐活动、6月2日的公益集市、7月8日的音乐节等，需要各家共建单位鼎力相助。"
      },
      {
        "unit": "中共闵行区凤凰景苑居民区支部委员会",
        "project": "凤凰景苑暑期活动",
        "content": "需要各个共建单位提供教育、参观、讲座等形式丰富多样的师资或活动，来丰富凤凰景苑社区青少年的暑期活动。"
      },
      {
        "unit": "中共闵行区凤凰景苑居民区支部委员会",
        "project": "党员组织生活",
        "content": "根据各家共建单位的特色，凤凰景苑党组织将丰富本组织的党员组织生活，例如参观学习、学习党课等。"
      }
    ]
  },
  {
    "name": "江川路街道城市网格化综合管理中心",
    "icon": "",
    "introduction": "江川路街道城市网格化综合管理部门",
    "address": "新闵路584号",
    "children": [
      {
        "unit": "中共闵行区凤凰景苑居民区支部委员会",
        "project": "小城大爱系列活动",
        "content": "2018年凤凰景苑党组织以小城大爱为主题开展相关的系列活动，4月28日的募捐活动、6月2日的公益集市、7月8日的音乐节等，需要各家共建单位鼎力相助。"
      },
      {
        "unit": "中共闵行区凤凰景苑居民区支部委员会",
        "project": "凤凰景苑暑期活动",
        "content": "需要各个共建单位提供教育、参观、讲座等形式丰富多样的师资或活动，来丰富凤凰景苑社区青少年的暑期活动。"
      },
      {
        "unit": "中共闵行区凤凰景苑居民区支部委员会",
        "project": "党员组织生活",
        "content": "根据各家共建单位的特色，凤凰景苑党组织将丰富本组织的党员组织生活，例如参观学习、学习党课等。"
      }
    ]
  },
  {
    "name": "江川路街道城市管理行政执法中队",
    "icon": "",
    "introduction": "江川路街道城管执法部门",
    "address": "新闵路584号",
    "children": [
      {
        "unit": "中共闵行区凤凰景苑居民区支部委员会",
        "project": "小城大爱系列活动",
        "content": "2018年凤凰景苑党组织以小城大爱为主题开展相关的系列活动，4月28日的募捐活动、6月2日的公益集市、7月8日的音乐节等，需要各家共建单位鼎力相助。"
      },
      {
        "unit": "中共闵行区凤凰景苑居民区支部委员会",
        "project": "凤凰景苑暑期活动",
        "content": "需要各个共建单位提供教育、参观、讲座等形式丰富多样的师资或活动，来丰富凤凰景苑社区青少年的暑期活动。"
      },
      {
        "unit": "中共闵行区凤凰景苑居民区支部委员会",
        "project": "党员组织生活",
        "content": "根据各家共建单位的特色，凤凰景苑党组织将丰富本组织的党员组织生活，例如参观学习、学习党课等。"
      }
    ]
  },
  {
    "name": "上海航天设备制造总厂有限公司四分厂党支部",
    "icon": "",
    "introduction": "中国航天设备制造的基地，负责制造火箭、卫星等设备",
    "address": "华宁路100号",
    "children": [
      {
        "unit": "中共闵行区凤凰景苑居民区支部委员会",
        "project": "小城大爱系列活动",
        "content": "2018年凤凰景苑党组织以小城大爱为主题开展相关的系列活动，4月28日的募捐活动、6月2日的公益集市、7月8日的音乐节等，需要各家共建单位鼎力相助。"
      },
      {
        "unit": "中共闵行区凤凰景苑居民区支部委员会",
        "project": "凤凰景苑暑期活动",
        "content": "需要各个共建单位提供教育、参观、讲座等形式丰富多样的师资或活动，来丰富凤凰景苑社区青少年的暑期活动。"
      },
      {
        "unit": "中共闵行区凤凰景苑居民区支部委员会",
        "project": "党员组织生活",
        "content": "根据各家共建单位的特色，凤凰景苑党组织将丰富本组织的党员组织生活，例如参观学习、学习党课等。"
      }
    ]
  },
  {
    "name": "沪闵路邮政支局",
    "icon": "images/中国邮政.jpg",
    "introduction": "邮储银行拥有近4万个营业网点，服务个人客户达5.53亿户，拥有优异的资产质量和显著的成长潜力。",
    "address": "上海市闵行区沪闵路118号",
    "children": [
      {
        "unit": "中共闵行区凤凰景苑居民区支部委员会",
        "project": "小城大爱系列活动",
        "content": "2018年凤凰景苑党组织以小城大爱为主题开展相关的系列活动，4月28日的募捐活动、6月2日的公益集市、7月8日的音乐节等，需要各家共建单位鼎力相助。"
      },
      {
        "unit": "中共闵行区凤凰景苑居民区支部委员会",
        "project": "凤凰景苑暑期活动",
        "content": "需要各个共建单位提供教育、参观、讲座等形式丰富多样的师资或活动，来丰富凤凰景苑社区青少年的暑期活动。"
      },
      {
        "unit": "中共闵行区凤凰景苑居民区支部委员会",
        "project": "党员组织生活",
        "content": "根据各家共建单位的特色，凤凰景苑党组织将丰富本组织的党员组织生活，例如参观学习、学习党课等。"
      }
    ]
  }
]