[
  {
    "name": "孔洁",
    "sex": "女",
    "birth_date": "1949-11-12",
    "address": "景谷中路58弄21号",
    "retire": "是",
    "job": "楼组长",
    "political_status": "群众",
    "x": "1722.5",
    "y": "777.5",
    "sort": "5"
  },
  {
    "name": "吴菊英",
    "sex": "女",
    "birth_date": "1973-03-07",
    "address": "景谷中路58弄21号",
    "retire": "是",
    "job": "楼组长  居民小组长",
    "political_status": "群众",
    "x": "1755",
    "y": "752.5",
    "sort": "5"
  },
  {
    "name": "吴志芳",
    "sex": "女",
    "birth_date": "1968-08-11",
    "address": "景谷中路58弄22号",
    "retire": "是",
    "job": "楼组长  居民小组长",
    "political_status": "群众",
    "x": "1837.5",
    "y": "825",
    "sort": "5"
  },
  {
    "name": "周春丽",
    "sex": "女",
    "birth_date": "1978-02-02",
    "address": "景谷中路58弄22号",
    "retire": "否",
    "job": "楼组长",
    "political_status": "群众",
    "x": "1822.5",
    "y": "815",
    "sort": "5"
  },
  {
    "name": "李秋娟",
    "sex": "女",
    "birth_date": "1957-08-10",
    "address": "景谷中路58弄23号",
    "retire": "是",
    "job": "楼组长  居民小组长",
    "political_status": "群众",
    "x": "1937.5",
    "y": "855",
    "sort": "5"
  },
  {
    "name": "钱小妹",
    "sex": "女",
    "birth_date": "1965-09-17",
    "address": "景谷中路58弄23号",
    "retire": "是",
    "job": "楼组长",
    "political_status": "群众",
    "x": "1962.5",
    "y": "862.5",
    "sort": "5"
  },
  {
    "name": "周琴芳",
    "sex": "女",
    "birth_date": "1969-03-11",
    "address": "景谷中路58弄25号",
    "retire": "否",
    "job": "楼组长",
    "political_status": "群众",
    "x": "2200",
    "y": "917.5",
    "sort": "5"
  },
  {
    "name": "施建芳",
    "sex": "女",
    "birth_date": "1962-11-30",
    "address": "景谷中路58弄25号",
    "retire": "是",
    "job": "楼组长",
    "political_status": "群众",
    "x": "2227.5",
    "y": "937.5",
    "sort": "5"
  },
  {
    "name": "周琼",
    "sex": "女",
    "birth_date": "1970-07-07",
    "address": "景谷中路58弄25号",
    "retire": "否",
    "job": "楼组长",
    "political_status": "群众",
    "x": "2225",
    "y": "932.5",
    "sort": "5"
  },
  {
    "name": "诸品芳",
    "sex": "女",
    "birth_date": "1956-12-05",
    "address": "景谷中路58弄25号",
    "retire": "是",
    "job": "楼组长  社区群众团队活动负责人  居民小组长  其他群众骨干",
    "political_status": "群众",
    "x": "2265",
    "y": "905",
    "sort": "5"
  },
  {
    "name": "何亚娟",
    "sex": "女",
    "birth_date": "1959-10-08",
    "address": "景谷中路58弄26号",
    "retire": "是",
    "job": "楼组长",
    "political_status": "群众",
    "x": "2335",
    "y": "957.5",
    "sort": "5"
  },
  {
    "name": "张国珍",
    "sex": "女",
    "birth_date": "1954-08-30",
    "address": "景谷中路58弄26号",
    "retire": "是",
    "job": "楼组长",
    "political_status": "党员",
    "x": "2382.5",
    "y": "977.5",
    "sort": "2"
  },
  {
    "name": "李见梅",
    "sex": "女",
    "birth_date": "1958-11-10",
    "address": "景谷中路58弄27号",
    "retire": "是",
    "job": "楼组长  居民小组长  其他群众骨干",
    "political_status": "群众",
    "x": "2592.5",
    "y": "1012.5",
    "sort": "5"
  },
  {
    "name": "蒋美珍",
    "sex": "女",
    "birth_date": "1971-06-02",
    "address": "景谷中路58弄27号",
    "retire": "是",
    "job": "楼组长",
    "political_status": "群众",
    "x": "2610",
    "y": "1032.5",
    "sort": "5"
  },
  {
    "name": "沈美华",
    "sex": "女",
    "birth_date": "1955-02-26",
    "address": "景谷中路58弄28号",
    "retire": "是",
    "job": "楼组长",
    "political_status": "群众",
    "x": "2662.5",
    "y": "1042.5",
    "sort": "5"
  },
  {
    "name": "杨秀珍",
    "sex": "女",
    "birth_date": "1960-11-29",
    "address": "景谷中路58弄28号",
    "retire": "是",
    "job": "楼组长  居民小组长",
    "political_status": "群众",
    "x": "2690",
    "y": "1035",
    "sort": "5"
  },
  {
    "name": "吴绍慧",
    "sex": "女",
    "birth_date": "1967-07-10",
    "address": "景谷中路58弄29号",
    "retire": "是",
    "job": "楼组长  其他群众骨干",
    "political_status": "群众",
    "x": "2742.5",
    "y": "862.5",
    "sort": "5"
  },
  {
    "name": "万宁海",
    "sex": "男",
    "birth_date": "1982-03-15",
    "address": "景谷中路58弄29号",
    "retire": "否",
    "job": "楼组长  居民小组长",
    "political_status": "群众",
    "x": "2725",
    "y": "857.5",
    "sort": "5"
  },
  {
    "name": "马彩凤",
    "sex": "女",
    "birth_date": "1973-01-30",
    "address": "景谷中路58弄2号",
    "retire": "否",
    "job": "楼组长  居民小组长",
    "political_status": "群众",
    "x": "1782.5",
    "y": "1210",
    "sort": "5"
  },
  {
    "name": "张莲花",
    "sex": "女",
    "birth_date": "1954-12-12",
    "address": "景谷中路58弄2号",
    "retire": "是",
    "job": "楼组长",
    "political_status": "群众",
    "x": "1800",
    "y": "1195",
    "sort": "5"
  },
  {
    "name": "张红艳",
    "sex": "女",
    "birth_date": "1974-02-11",
    "address": "景谷中路58弄31号",
    "retire": "是",
    "job": "楼组长",
    "political_status": "群众",
    "x": "2400",
    "y": "787.5",
    "sort": "5"
  },
  {
    "name": "梁红玉",
    "sex": "女",
    "birth_date": "1956-09-20",
    "address": "景谷中路58弄31号",
    "retire": "是",
    "job": "楼组长",
    "political_status": "群众",
    "x": "2430",
    "y": "762.5",
    "sort": "5"
  },
  {
    "name": "陆扣娣",
    "sex": "女",
    "birth_date": "1956-11-17",
    "address": "景谷中路58弄32号",
    "retire": "是",
    "job": "楼组长",
    "political_status": "群众",
    "x": "2280",
    "y": "735",
    "sort": "5"
  },
  {
    "name": "沈桂花",
    "sex": "女",
    "birth_date": "1958-10-18",
    "address": "景谷中路58弄32号",
    "retire": "是",
    "job": "楼组长  居民小组长  其他群众骨干",
    "political_status": "群众",
    "x": "2270",
    "y": "725",
    "sort": "5"
  },
  {
    "name": "张秋芳",
    "sex": "女",
    "birth_date": "1956-08-15",
    "address": "景谷中路58弄33号",
    "retire": "是",
    "job": "楼组长  居民小组长",
    "political_status": "群众",
    "x": "2145",
    "y": "695",
    "sort": "5"
  },
  {
    "name": "朱宝玉",
    "sex": "女",
    "birth_date": "1957-07-21",
    "address": "景谷中路58弄33号",
    "retire": "是",
    "job": "楼组长",
    "political_status": "群众",
    "x": "2147",
    "y": "692.5",
    "sort": "5"
  },
  {
    "name": "吴秀芳",
    "sex": "女",
    "birth_date": "1959-09-17",
    "address": "景谷中路58弄33号",
    "retire": "是",
    "job": "楼组长",
    "political_status": "群众",
    "x": "2170",
    "y": "672.5",
    "sort": "5"
  },
  {
    "name": "周明仙",
    "sex": "女",
    "birth_date": "1966-01-14",
    "address": "景谷中路58弄35号",
    "retire": "是",
    "job": "楼组长  社区群众团队活动负责人  居民小组长  其他群众骨干",
    "political_status": "群众",
    "x": "1745",
    "y": "642.5",
    "sort": "5"
  },
  {
    "name": "俞凤娣",
    "sex": "女",
    "birth_date": "1948-03-01",
    "address": "景谷中路58弄35号",
    "retire": "是",
    "job": "楼组长",
    "political_status": "群众",
    "x": "1717.5",
    "y": "637.5",
    "sort": "5"
  },
  {
    "name": "罗义芳",
    "sex": "女",
    "birth_date": "1959-11-26",
    "address": "景谷中路58弄36号",
    "retire": "是",
    "job": "楼组长",
    "political_status": "群众",
    "x": "1590",
    "y": "600",
    "sort": "5"
  },
  {
    "name": "王艳梅",
    "sex": "女",
    "birth_date": "1958-08-25",
    "address": "景谷中路58弄36号",
    "retire": "是",
    "job": "楼组长",
    "political_status": "党员",
    "x": "1575",
    "y": "595",
    "sort": "2"
  },
  {
    "name": "王海琳",
    "sex": "女",
    "birth_date": "1955-02-17",
    "address": "景谷中路58弄36号",
    "retire": "是",
    "job": "楼组长",
    "political_status": "党员",
    "x": "1597.5",
    "y": "592.5",
    "sort": "2"
  },
  {
    "name": "周利璋",
    "sex": "男",
    "birth_date": "1951-06-05",
    "address": "景谷中路58弄36号",
    "retire": "是",
    "job": "楼组长",
    "political_status": "党员",
    "x": "1610",
    "y": "607.5",
    "sort": "2"
  },
  {
    "name": "张雪珍",
    "sex": "女",
    "birth_date": "1953-12-20",
    "address": "景谷中路58弄3号",
    "retire": "是",
    "job": "楼组长",
    "political_status": "群众",
    "x": "1650",
    "y": "1150",
    "sort": "5"
  },
  {
    "name": "王美琴",
    "sex": "女",
    "birth_date": "1957-10-14",
    "address": "景谷中路58弄3号",
    "retire": "是",
    "job": "楼组长",
    "political_status": "群众",
    "x": "1667.5",
    "y": "1150",
    "sort": "5"
  },
  {
    "name": "赵龙娟",
    "sex": "女",
    "birth_date": "1959-10-20",
    "address": "景谷中路58弄3号",
    "retire": "是",
    "job": "楼组长",
    "political_status": "群众",
    "x": "1645",
    "y": "1147.5",
    "sort": "5"
  },
  {
    "name": "方玉琴",
    "sex": "女",
    "birth_date": "1951-09-14",
    "address": "景谷中路58弄42号",
    "retire": "是",
    "job": "楼组长  居民小组长",
    "political_status": "群众",
    "x": "1770",
    "y": "475",
    "sort": "5"
  },
  {
    "name": "姚菊花",
    "sex": "女",
    "birth_date": "1953-03-04",
    "address": "景谷中路58弄42号",
    "retire": "是",
    "job": "楼组长",
    "political_status": "群众",
    "x": "1775",
    "y": "480",
    "sort": "5"
  },
  {
    "name": "顾美丽",
    "sex": "女",
    "birth_date": "1959-11-09",
    "address": "景谷中路58弄42号",
    "retire": "是",
    "job": "楼组长",
    "political_status": "群众",
    "x": "1792.5",
    "y": "475",
    "sort": "5"
  },
  {
    "name": "金文浩",
    "sex": "男",
    "birth_date": "1969-01-07",
    "address": "景谷中路58弄43号",
    "retire": "否",
    "job": "楼组长",
    "political_status": "党员",
    "x": "1882.5",
    "y": "502.5",
    "sort": "2"
  },
  {
    "name": "钟亚华",
    "sex": "女",
    "birth_date": "1958-04-27",
    "address": "景谷中路58弄43号",
    "retire": "是",
    "job": "楼组长  居民小组长  其他群众骨干",
    "political_status": "群众",
    "x": "1915",
    "y": "502.5",
    "sort": "5"
  },
  {
    "name": "黄仙花",
    "sex": "女",
    "birth_date": "1959-02-27",
    "address": "景谷中路58弄43号",
    "retire": "是",
    "job": "楼组长  其他群众骨干",
    "political_status": "群众",
    "x": "1885",
    "y": "495",
    "sort": "5"
  },
  {
    "name": "赵九娟",
    "sex": "女",
    "birth_date": "1981-11-02",
    "address": "景谷中路58弄45号",
    "retire": "否",
    "job": "楼组长",
    "political_status": "群众",
    "x": "2152.5",
    "y": "500",
    "sort": "5"
  },
  {
    "name": "吴之昊",
    "sex": "男",
    "birth_date": "1986-11-20",
    "address": "景谷中路58弄45号",
    "retire": "否",
    "job": "楼组长  居民小组长",
    "political_status": "党员",
    "x": "2125",
    "y": "492.5",
    "sort": "2"
  },
  {
    "name": "瞿晓颖",
    "sex": "女",
    "birth_date": "1981-10-17",
    "address": "景谷中路58弄46号",
    "retire": "否",
    "job": "楼组长  居民小组长",
    "political_status": "群众",
    "x": "2272.5",
    "y": "525",
    "sort": "5"
  },
  {
    "name": "闻辉",
    "sex": "女",
    "birth_date": "1958-05-03",
    "address": "景谷中路58弄46号",
    "retire": "是",
    "job": "楼组长",
    "political_status": "群众",
    "x": "2290",
    "y": "525",
    "sort": "5"
  },
  {
    "name": "沈晓菁",
    "sex": "男",
    "birth_date": "1984-02-27",
    "address": "景谷中路58弄46号",
    "retire": "是",
    "job": "楼组长",
    "political_status": "群众",
    "x": "2245",
    "y": "515",
    "sort": "5"
  },
  {
    "name": "杨菊连",
    "sex": "女",
    "birth_date": "1957-11-26",
    "address": "景谷中路58弄47号",
    "retire": "是",
    "job": "楼组长  居民小组长  其他群众骨干",
    "political_status": "群众",
    "x": "2500",
    "y": "665",
    "sort": "5"
  },
  {
    "name": "范菊芳",
    "sex": "女",
    "birth_date": "1958-09-29",
    "address": "景谷中路58弄47号",
    "retire": "是",
    "job": "楼组长",
    "political_status": "群众",
    "x": "2532.5",
    "y": "667.5",
    "sort": "5"
  },
  {
    "name": "张瑛",
    "sex": "女",
    "birth_date": "1977-01-27",
    "address": "景谷中路58弄47号",
    "retire": "是",
    "job": "楼组长",
    "political_status": "群众",
    "x": "2515",
    "y": "682.5",
    "sort": "5"
  },
  {
    "name": "陈春红",
    "sex": "女",
    "birth_date": "1969-02-07",
    "address": "景谷中路58弄48号",
    "retire": "否",
    "job": "楼组长",
    "political_status": "群众",
    "x": "2635",
    "y": "697.5",
    "sort": "5"
  },
  {
    "name": "李静",
    "sex": "女",
    "birth_date": "1982-11-06",
    "address": "景谷中路58弄48号",
    "retire": "是",
    "job": "楼组长",
    "political_status": "群众",
    "x": "2625",
    "y": "697.5",
    "sort": "5"
  },
  {
    "name": "钱纪忠",
    "sex": "男",
    "birth_date": "1953-07-03",
    "address": "景谷中路58弄48号",
    "retire": "是",
    "job": "楼组长",
    "political_status": "群众",
    "x": "2622.5",
    "y": "695",
    "sort": "5"
  },
  {
    "name": "马玉珍",
    "sex": "女",
    "birth_date": "1948-07-23",
    "address": "景谷中路58弄49号",
    "retire": "是",
    "job": "楼组长  居民小组长",
    "political_status": "群众",
    "x": "2577.5",
    "y": "565",
    "sort": "5"
  },
  {
    "name": "朱卫华",
    "sex": "女",
    "birth_date": "1976-12-18",
    "address": "景谷中路58弄49号",
    "retire": "是",
    "job": "楼组长",
    "political_status": "群众",
    "x": "2580",
    "y": "575",
    "sort": "5"
  },
  {
    "name": "周静茹",
    "sex": "女",
    "birth_date": "1979-07-11",
    "address": "景谷中路58弄50号",
    "retire": "否",
    "job": "楼组长",
    "political_status": "群众",
    "x": "2517.5",
    "y": "565",
    "sort": "5"
  },
  {
    "name": "何凤平",
    "sex": "女",
    "birth_date": "1974-08-06",
    "address": "景谷中路58弄50号",
    "retire": "否",
    "job": "楼组长",
    "political_status": "群众",
    "x": "2505",
    "y": "560",
    "sort": "5"
  },
  {
    "name": "郁文富",
    "sex": "男",
    "birth_date": "1935-06-27",
    "address": "景谷中路58弄51号",
    "retire": "是",
    "job": "楼组长",
    "political_status": "党员",
    "x": "2681.5",
    "y": "480",
    "sort": "2"
  },
  {
    "name": "翁国民",
    "sex": "男",
    "birth_date": "1954-10-13",
    "address": "景谷中路58弄51号",
    "retire": "是",
    "job": "楼组长  居民小组长",
    "political_status": "群众",
    "x": "2681.5",
    "y": "485",
    "sort": "5"
  },
  {
    "name": "闫桂英",
    "sex": "女",
    "birth_date": "1950-02-02",
    "address": "景谷中路58弄52号",
    "retire": "是",
    "job": "楼组长",
    "political_status": "党员",
    "x": "2606.5",
    "y": "450",
    "sort": "2"
  },
  {
    "name": "朱翠丽",
    "sex": "女",
    "birth_date": "1964-09-28",
    "address": "景谷中路58弄52号",
    "retire": "是",
    "job": "楼组长",
    "political_status": "群众",
    "x": "2579",
    "y": "457.5",
    "sort": "5"
  },
  {
    "name": "王安民",
    "sex": "男",
    "birth_date": "1955-06-30",
    "address": "景谷中路58弄52号",
    "retire": "是",
    "job": "楼组长",
    "political_status": "群众",
    "x": "2609",
    "y": "445",
    "sort": "5"
  },
  {
    "name": "奚慧玲",
    "sex": "女",
    "birth_date": "1983-06-03",
    "address": "景谷中路58弄52号",
    "retire": "是",
    "job": "楼组长",
    "political_status": "群众",
    "x": "2611.5",
    "y": "447.5",
    "sort": "5"
  },
  {
    "name": "王海波",
    "sex": "男",
    "birth_date": "1981-12-17",
    "address": "景谷中路58弄55号",
    "retire": "是",
    "job": "楼组长",
    "political_status": "群众",
    "x": "2429",
    "y": "407.5",
    "sort": "5"
  },
  {
    "name": "杨琴华",
    "sex": "女",
    "birth_date": "1955-09-06",
    "address": "景谷中路58弄56号",
    "retire": "是",
    "job": "楼组长",
    "political_status": "群众",
    "x": "2329",
    "y": "397.5",
    "sort": "5"
  },
  {
    "name": "陆梅娟",
    "sex": "女",
    "birth_date": "1968-01-10",
    "address": "景谷中路58弄56号",
    "retire": "是",
    "job": "楼组长  居民小组长",
    "political_status": "群众",
    "x": "2321.5",
    "y": "397.5",
    "sort": "5"
  },
  {
    "name": "蒋兴荣",
    "sex": "男",
    "birth_date": "1963-03-10",
    "address": "景谷中路58弄57号",
    "retire": "否",
    "job": "楼组长  居民小组长",
    "political_status": "群众",
    "x": "2141.5",
    "y": "390",
    "sort": "5"
  },
  {
    "name": "周丽艳",
    "sex": "男",
    "birth_date": "1980-11-02",
    "address": "景谷中路58弄58号",
    "retire": "是",
    "job": "楼组长",
    "political_status": "群众",
    "x": "2021.5",
    "y": "375",
    "sort": "5"
  },
  {
    "name": "范郁安",
    "sex": "男",
    "birth_date": "1956-06-07",
    "address": "景谷中路58弄58号",
    "retire": "是",
    "job": "其他群众骨干",
    "political_status": "群众",
    "x": "2024",
    "y": "390",
    "sort": "5"
  },
  {
    "name": "王美华",
    "sex": "女",
    "birth_date": "1956-11-20",
    "address": "景谷中路58弄58号",
    "retire": "是",
    "job": "楼组长",
    "political_status": "群众",
    "x": "2011.5",
    "y": "380",
    "sort": "5"
  },
  {
    "name": "丁秀芳",
    "sex": "女",
    "birth_date": "1960-04-07",
    "address": "景谷中路58弄5号",
    "retire": "是",
    "job": "楼组长  居民小组长  其他群众骨干",
    "political_status": "群众",
    "x": "2361.5",
    "y": "1182.5",
    "sort": "5"
  },
  {
    "name": "张栋星",
    "sex": "男",
    "birth_date": "1992-11-07",
    "address": "景谷中路58弄5号",
    "retire": "是",
    "job": "楼组长",
    "political_status": "群众",
    "x": "2364",
    "y": "1190",
    "sort": "5"
  },
  {
    "name": "张纪华",
    "sex": "女",
    "birth_date": "1962-12-09",
    "address": "景谷中路58弄6号",
    "retire": "是",
    "job": "楼组长",
    "political_status": "群众",
    "x": "2194",
    "y": "1142.5",
    "sort": "5"
  },
  {
    "name": "李晨",
    "sex": "男",
    "birth_date": "1987-10-04",
    "address": "景谷中路58弄6号",
    "retire": "是",
    "job": "楼组长",
    "political_status": "群众",
    "x": "2216.5",
    "y": "1145",
    "sort": "5"
  },
  {
    "name": "吴来娣",
    "sex": "女",
    "birth_date": "1961-08-25",
    "address": "景谷中路58弄7号",
    "retire": "是",
    "job": "楼组长  其他群众骨干",
    "political_status": "群众",
    "x": "1904",
    "y": "1022.5",
    "sort": "5"
  },
  {
    "name": "吴绍云",
    "sex": "女",
    "birth_date": "1961-04-15",
    "address": "景谷中路58弄7号",
    "retire": "是",
    "job": "楼组长  其他群众骨干",
    "political_status": "群众",
    "x": "1906.5",
    "y": "1010",
    "sort": "5"
  },
  {
    "name": "李慧",
    "sex": "女",
    "birth_date": "1977-03-02",
    "address": "景谷中路58弄8号",
    "retire": "是",
    "job": "楼组长",
    "political_status": "群众",
    "x": "1796.5",
    "y": "997.5",
    "sort": "5"
  },
  {
    "name": "韦文娟",
    "sex": "女",
    "birth_date": "1971-10-14",
    "address": "景谷中路58弄8号",
    "retire": "否",
    "job": "楼组长  居民小组长",
    "political_status": "群众",
    "x": "1789",
    "y": "995",
    "sort": "5"
  }
]