[
  {
    "name": " 诸品芳",
    "address": "景谷中路58弄25号",
    "political": "群众",
    "group": "太极队",
    "x": "2236",
    "y": "913",
    "sort": "5"
  },
  {
    "name": "孔洁",
    "address": "景谷中路58弄21号",
    "political": "群众",
    "group": "太极队",
    "x": "1733",
    "y": "766",
    "sort": "5"
  },
  {
    "name": "张雪珍",
    "address": "景谷中路58弄3号",
    "political": "群众",
    "group": "太极队",
    "x": "1650",
    "y": "1113",
    "sort": "5"
  },
  {
    "name": "张红艳",
    "address": "景谷中路58弄31号",
    "political": "群众",
    "group": "太极队",
    "x": "2385",
    "y": "743",
    "sort": "5"
  },
  {
    "name": "张秋芳",
    "address": "景谷中路58弄33号",
    "political": "群众",
    "group": "太极队",
    "x": "2164",
    "y": "682",
    "sort": "5"
  },
  {
    "name": "梁红玉",
    "address": "景谷中路58弄31号",
    "political": "群众",
    "group": "太极队",
    "x": "2378",
    "y": "748",
    "sort": "5"
  },
  {
    "name": "姚惠仙",
    "address": "景谷中路58弄21号",
    "political": "群众",
    "group": "太极队",
    "x": "1726",
    "y": "766",
    "sort": "5"
  },
  {
    "name": "路芳仙",
    "address": "景谷中路58弄26号",
    "political": "群众",
    "group": "太极队",
    "x": "2368",
    "y": "943",
    "sort": "5"
  },
  {
    "name": "栗士杰",
    "address": "景谷中路58弄42号",
    "political": "群众",
    "group": "太极队",
    "x": "2273",
    "y": "513",
    "sort": "5"
  },
  {
    "name": "丁秀芳",
    "address": "景谷中路58弄5号",
    "political": "群众",
    "group": "太极队",
    "x": "2348",
    "y": "1150",
    "sort": "5"
  },
  {
    "name": "刘丽萍",
    "address": "景谷中路58弄8号",
    "political": "群众",
    "group": "太极队",
    "x": "1786",
    "y": "973",
    "sort": "5"
  },
  {
    "name": "张建华",
    "address": "景谷中路58弄22号",
    "political": "群众",
    "group": "健美操舞蹈队",
    "x": "1844",
    "y": "801",
    "sort": "5"
  },
  {
    "name": "王美琴",
    "address": "景谷中路58弄3号",
    "political": "群众",
    "group": "健美操舞蹈队",
    "x": "1655",
    "y": "1108",
    "sort": "5"
  },
  {
    "name": "邵爱莲",
    "address": "景谷中路58弄23号",
    "political": "群众",
    "group": "健美操舞蹈队",
    "x": "1965",
    "y": "836",
    "sort": "5"
  },
  {
    "name": "张红艳",
    "address": "景谷中路58弄31号",
    "political": "群众",
    "group": "健美操舞蹈队",
    "x": "2390",
    "y": "743",
    "sort": "5"
  },
  {
    "name": "黄仙花",
    "address": "景谷中路58弄43号",
    "political": "群众",
    "group": "健美操舞蹈队",
    "x": "1881",
    "y": "471",
    "sort": "5"
  },
  {
    "name": "杨菊连",
    "address": "景谷中路58弄47号",
    "political": "群众",
    "group": "健美操舞蹈队",
    "x": "2541",
    "y": "671",
    "sort": "5"
  },
  {
    "name": "何慧萍",
    "address": "景谷中路58弄32号",
    "political": "群众",
    "group": "健美操舞蹈队",
    "x": "2279",
    "y": "708",
    "sort": "5"
  },
  {
    "name": "吴绍慧",
    "address": "景谷中路58弄29号",
    "political": "群众",
    "group": "健美操舞蹈队",
    "x": "2718",
    "y": "847",
    "sort": "5"
  },
  {
    "name": "葛树珍",
    "address": "景谷中路58弄32号",
    "political": "群众",
    "group": "健美操舞蹈队",
    "x": "2290",
    "y": "703",
    "sort": "5"
  },
  {
    "name": "吴来娣",
    "address": "景谷中路58弄7号",
    "political": "群众",
    "group": "健美操舞蹈队",
    "x": "1906",
    "y": "1017",
    "sort": "5"
  },
  {
    "name": "周明仙",
    "address": "景谷中路58弄35号",
    "political": "群众",
    "group": "健美操舞蹈队",
    "x": "1725",
    "y": "617",
    "sort": "5"
  },
  {
    "name": "裴月英",
    "address": "景谷中路58弄33号",
    "political": "群众",
    "group": "健美操舞蹈队",
    "x": "2174",
    "y": "685",
    "sort": "5"
  },
  {
    "name": "曹美观",
    "address": "景谷中路58弄45号",
    "political": "群众",
    "group": "健美操舞蹈队",
    "x": "2093",
    "y": "482",
    "sort": "5"
  },
  {
    "name": "陈爱菊",
    "address": "景谷中路58弄6号",
    "political": "群众",
    "group": "健美操舞蹈队",
    "x": "2213",
    "y": "1138",
    "sort": "5"
  },
  {
    "name": "孙丽华",
    "address": "景谷中路58弄55号",
    "political": "党员",
    "group": "健美操舞蹈队",
    "x": "2430",
    "y": "396",
    "sort": "2"
  },
  {
    "name": "孙丽华",
    "address": "景谷中路58弄55号",
    "political": "党员",
    "group": "时装美体队",
    "x": "2430",
    "y": "396",
    "sort": "2"
  },
  {
    "name": "王美华",
    "address": "景谷中路58弄58号",
    "political": "群众",
    "group": "时装美体队",
    "x": "2027",
    "y": "375",
    "sort": "5"
  },
  {
    "name": "薛世香",
    "address": "景谷中路58弄32号",
    "political": "群众",
    "group": "时装美体队",
    "x": "2290",
    "y": "715",
    "sort": "5"
  },
  {
    "name": "何慧萍",
    "address": "景谷中路58弄32号",
    "political": "群众",
    "group": "时装美体队",
    "x": "2290",
    "y": "692",
    "sort": "5"
  },
  {
    "name": "吴绍慧",
    "address": "景谷中路58弄29号",
    "political": "群众",
    "group": "时装美体队",
    "x": "2711",
    "y": "852",
    "sort": "5"
  },
  {
    "name": "葛树珍",
    "address": "景谷中路58弄32号",
    "political": "群众",
    "group": "时装美体队",
    "x": "2302",
    "y": "724",
    "sort": "5"
  },
  {
    "name": "吴来娣",
    "address": "景谷中路58弄7号",
    "political": "群众",
    "group": "时装美体队",
    "x": "1897",
    "y": "1029",
    "sort": "5"
  },
  {
    "name": "周明仙",
    "address": "景谷中路58弄35号",
    "political": "群众",
    "group": "时装美体队",
    "x": "1744",
    "y": "625",
    "sort": "5"
  },
  {
    "name": "裴月英",
    "address": "景谷中路58弄33号",
    "political": "群众",
    "group": "时装美体队",
    "x": "2146",
    "y": "637",
    "sort": "5"
  },
  {
    "name": "何云霞",
    "address": "景谷中路58弄58号",
    "political": "群众",
    "group": "时装美体队",
    "x": "2025",
    "y": "371",
    "sort": "5"
  },
  {
    "name": "颜蒜珍",
    "address": "景谷中路58弄31号",
    "political": "群众",
    "group": "时装美体队",
    "x": "2390",
    "y": "729",
    "sort": "5"
  },
  {
    "name": "吴志芳",
    "address": "景谷中路58弄22号",
    "political": "群众",
    "group": "时装美体队",
    "x": "1846",
    "y": "782",
    "sort": "5"
  },
  {
    "name": "于胜蓉",
    "address": "景谷中路58弄59号",
    "political": "群众",
    "group": "时装美体队",
    "x": "1772",
    "y": "403",
    "sort": "5"
  },
  {
    "name": "李洪桂",
    "address": "景谷中路58弄35号",
    "political": "群众",
    "group": "时装美体队",
    "x": "1725",
    "y": "613",
    "sort": "5"
  }
]