[
  {
    "id": "1",
    "teamName": "太极队",
    "teamType": "体育类",
    "teamIntroduction": "太极是中华民族宝贵的文化遗产，它融防身、健体、祛病、养生于一体，深受中老年人的喜爱；队员们以休闲健身为目的，坚持每天锻炼，学习打太极扇，太极剑；她们套路有序，步伐整齐划一，精气神十足",
    "people": "诸品芳",
    "property": "群众",
    "teamNum": "11",
    "time": "2017"
  },
  {
    "id": "2",
    "teamName": "健美操舞蹈队",
    "teamType": "文艺类",
    "teamIntroduction": "在音乐和舞蹈中达到锻炼身体，陶治情操的目的，为社区增光添彩。",
    "people": "周明仙",
    "property": "群众",
    "teamNum": "16",
    "time": "2018"
  },
  {
    "id": "3",
    "teamName": "时装美体队",
    "teamType": "文艺类",
    "teamIntroduction": "为了丰富退休女性居民的文化生活，培养和提高对时装文化艺术的兴趣和欣赏能力，以“老有所学”、“老有所乐”、延年益寿为宗旨的群众性艺术团体。",
    "people": "孙丽华",
    "property": "党员",
    "teamNum": "14",
    "time": "2018"
  }
]