[
  {
    "num": "1",
    "title": "学习宣传贯彻党的十九大精神专题学习会",
    "time": "2018/1/18",
    "content": "<p class='MsoNormal' align='left'>转眼间到了<span>2017</span>年的最后一个月，凤凰景苑党支部于<span>2018</span>年<span>1月</span>上午开展本年度最后一次党员组织生活会。此次生活会围绕学习宣传贯彻党的十九大精神专题学习会。 <span></span>  </p> <p style='text-indent:25.8pt;'>  凤凰景苑党支部书记顾倩倩主持此次会议，向凤凰景苑支部党员们数读十九大报告，透过数字学习报告精神。透过报告解读，让全体党员充分认识学习宣传贯彻党的十九大精神的重大意义，并让大家明白我党作出的重大决策、部署以及今后的发展方向。 </p> <p style='text-indent:25.8pt;'>  <span style='line-height:1.5;'>通过学习让全体党员全面理解和准确把握党的十九大精神实质。又结合当前社区实际提出要把学习宣传贯彻党的十九大精神作为当前和今后一个时期最重要的政治任务，以高度的责任感和使命感，综合运用多种方式广泛宣传贯彻。 同时，党员们一起共同学习新党章。</span>  </p> <p style='margin-left:10.5pt;text-indent:25.8pt;'>  <span></span>  </p> <p class='MsoNormal'>学习结束后，凤凰景苑社区党员又参与了社区实践活动——香薰蜡烛<span>DIY</span>手作会，与社区志愿者共同制作蜡烛，营造浓厚的冬季温馨、暖融融的氛围。<span></span>  </p> <p class='MsoNormal' align='left' style='margin-left:10.5pt;'>  <br /> </p>"
  },
  {
    "num": "2",
    "title": "静静心心赏佳作，红红火火过新年 ——参观中华艺术宫",
    "time": "2018/2/7",
    "content": "<p class='MsoNormal' align='left'>此次活动正值中华艺术宫展出<span>“</span>从石库门到天安门<span>”</span>上海美术作品展，作为本届上海国际艺术节期间推出的重要展览，这场以<span>“</span>门<span>”</span>为线索大型红色史诗展用<span>96</span>幅作品见证了中国共产党<span>96</span>年的光辉历程，呈现了中国现代美术的发展与演变，凤凰景苑社区带领社区党员、志愿者开展一次不忘初心、牢记使命的爱国主义学习实践活动。<span></span> </p> <p></p> <p class='MsoNormal' align='left'><span style='line-height:1.5;'>打开历史的大门，倾听岁月的声音，寻觅革命前辈的足迹。一幅幅画卷，记录和清晰再现了伟大的中国共产党在上海诞生，从上海出发，带领中国航船穿过激流险滩，踏平惊涛骇浪，带领中华儿女一起实现</span><span style='line-height:1.5;'>“</span><span style='line-height:1.5;'>中国梦</span><span style='line-height:1.5;'>”</span><span style='line-height:1.5;'>的伟大进程，震撼人心。大家在感慨祖国日新月异的同时，也感受着祖国的不断强大给我们带来的机遇和挑战。</span>  <p>   <span></span>  </p> <span></span> </p> <p class='MsoNormal' align='left'>  <span style='line-height:1.5;'></span><span style='line-height:1.5;'>从石库门到天安门、大家荡漾在艺术的海洋里，开阔了艺术眼界、增强了民族自豪、坚定了文化自信。</span><span style='line-height:1.5;'>  <p class='MsoNormal' align='left'>   <span></span>  </p> &nbsp;&nbsp;</span> </p>"
  },
  {
    "num": "3",
    "title": "组织党员收看《厉害了，我的国》",
    "time": "2018/3/22",
    "content": "<p class='MsoNormal' align='left'>西部开发，东北振兴，中部崛起，东部率先；全世界最大的基本医疗保障网；173项扶贫政策……纪录电影《厉害了，我的国》近日在全国上映，引起全国上下强烈反响，每个人都为国家强大欢呼自豪。3月22日下午凤凰景苑社区积极组织社区党员以及平安巡逻志愿者收看，见证中国力量。 </p> <p class='MsoNormal' align='left' style=''>  影片将祖国的发展和成就呈现于银幕之上，不仅记录了中国桥、中国路、中国车、中国港、中国网等一个个超级工程，还展示了人类历史上最大的射电望远镜FAST、全球最大的海上钻井平台“蓝鲸2号”、磁悬浮列车、5G技术等引领人们走向新时代的里程碑式科研成果。从圆梦工程到创新科技，从绿色中国到共享小康，电影将其背后的故事娓娓道来。 </p> <p class='MsoNormal' align='left' style=''>  <span style='line-height:1.5;'> 凤凰景苑居委干部吴昕甲：“我们的国家在飞速发展，人们的生活都在逐步提高。作为一名居委干部，做好社区大调研工作，化民忧、解民愁、聆听百姓心声。团结社区党员，为我们的社区和谐，贡献我们自己的智慧和力量。”</span>  </p>"
  },
  {
    "num": "4",
    "title": "影片《邹碧华》观影",
    "time": "2018/4/13",
    "content": "<p class='MsoNormal'>影片《邹碧华》真实生动地描述了被誉为“时代楷模”的人民法官邹碧华的感人事迹，从多方面对邹碧华的理想追求、奉献精神和改革实践作了生动的艺术诠释，精心塑造了一位为司法事业鞠躬尽瘁、死而后已、法制建设“燃灯者”的银幕形象，影片情节朴实，但因其具体真实而感人。 </p> <p class='MsoNormal'>  <span style='line-height:1.5;'>&nbsp; &nbsp; &nbsp;影片结束，大家都感慨颇多，不少党员同志流下了感动的泪水。党员们被这位在司法岗位上奉献着自己，直到生命最后一刻的“燃灯者”——邹碧华同志的事迹深深打动，表示要学习他不忘初心、牢记使命，坚守信念、敢于担当，鞠躬尽瘁、知行合一的精神。</span> </p> <div>  <br /> </div>"
  },
  {
    "num": "5",
    "title": "凤凰景苑党支部组织参观金山卫抗战遗址纪念园",
    "time": "2018/5/18",
    "content": "<p style='text-align:justify;>为了回顾红色历史，加强爱国主义思想教育。<span>5</span>月<span>18</span>日上午，凤凰景苑居民区党支部组织支部党员、青年团干以及社区骨干们参观金山卫抗战遗址纪念园。 </p> <p style='text-align:justify;text-indent:32.0pt;'>  在讲解员的带领下，大家参观了抗日主题石雕壁画、中心雕塑、“十月初三惨案”记事碑墙、抗日故事紫砂浮雕壁画、被害乡民纪念墙、古城墙遗址和日军碉堡、警世钟亭、金山卫城南门侵华日军登陆处碑，以及“侵华日军在金山的暴行”主题陈列室。 </p> <p style='text-align:justify;text-indent:32.0pt;'>  随后党员们和骨干居民们还认真参观了金山卫抗战史料馆。通过大量史料和实物，反映了中国军民顽强抵抗日本侵略者的史实。通过参观学习，全体成员接受了一次深刻的爱国主义思想洗礼。大家纷纷表示，要牢记革命先烈不畏牺牲勇敢反抗的革命精神和全心全意为人民服务的宗旨，不忘历史，继往开来，发挥党员模范先锋带头作用，在自己的工作岗位上，为社区建设发展做出更大贡献。<span>&nbsp;</span> </p> <p style='text-align:justify;text-indent:32.0pt;'>  &nbsp; </p>"
  },
  {
    "num": "6",
    "title": "凤凰景苑党支部参观航天设备制造总厂",
    "time": "2018/6/20",
    "content": "<p class='MsoNormal'>为进一步增强队伍凝聚力，严格党的组织生活，提高党员素质，<span>6</span>月<span>20</span>日，凤凰景苑党支部党员、团员们前往上海航天技术研究院参观学习。<span></span> </p> <p class='MsoNormal'>上海航天设备制造总厂隶属于中国航天科技集团公司第八研究院，是八院运载火箭、载人航天和探月工程等宇航产品总装总测厂、战术武器地面系统总成厂，是我国唯一集运载火箭、空间飞行器和战术武器地面系统产品制造、总装测试和发射场服务于一体的国有综合型航天骨干企业。为我国载人航天工程和探月工程任务的圆满完成作出了突出贡献。党员们来到上海航天设备制造总厂，参观了运载火箭总装总测中心，航天厂办主任为我们党员讲解了中国航天发展历程和伟大成就；同时党员们与火箭、太空舱亲密接触，亲眼看见长征<span>4</span>号、<span>5</span>号、<span>6</span>号火箭装备现场，党员们不仅感叹中国航天从无到有、从小到大，取得的举世瞩目的巨大成就；也为以大国重器加快实现航天强国梦点赞！ </p> <p class='MsoNormal'></p> <p class='MsoNormal'>党员们更深切感悟了一代又一代中国航天人“自力更生、艰苦奋斗、大力协同、无私奉献、严谨务实、勇于攀登”的崇高航天精神。党员们将把对中国航天人的敬意和对祖国科技事业的崇敬之情，转化为深入推进“两学一做”学习教育和社区自治的激情，砥砺前行，不断提升党性修养。<span></span> </p>"
  }
]