[
  {
    "name": "方华",
    "sex": "女",
    "education": "大学本科",
    "speciality": "医疗服务 ",
    "claimPosition": "平安志愿者",
    "unit": "闵行区古美社区卫生服务中心",
    "address": "景谷中路58弄62号",
    "join_party_date": "2000/3/18",
    "nation": "汉族",
    "x": "2225",
    "y": "1126",
    "sort": "2",
    "political_status": "党员",
    "brithday": "1978/12/1"
  },
  {
    "name": "胡兵",
    "sex": "男",
    "education": "研究生",
    "speciality": "文艺体育 ",
    "claimPosition": "卫生保健",
    "unit": "上海恒瑞医药有限公司",
    "address": "景谷路58弄25号",
    "join_party_date": "2003/3/26",
    "nation": "汉族",
    "x": "1434",
    "y": "343",
    "sort": "2",
    "political_status": "党员",
    "brithday": "1978/10/22"
  },
  {
    "name": "林卫华",
    "sex": "男",
    "education": "中专",
    "speciality": "其他 ",
    "claimPosition": "社区志愿者",
    "unit": "上海市闵行区江川路街道城市管理行政执法中队",
    "address": "景谷中路58弄49号",
    "join_party_date": "2005/10/13",
    "nation": "汉族",
    "x": "2130",
    "y": "371",
    "sort": "2",
    "political_status": "党员",
    "brithday": "1978/5/6"
  },
  {
    "name": "刘秀平",
    "sex": "女",
    "education": "研究生",
    "speciality": "医疗服务 ",
    "claimPosition": "卫生保健",
    "unit": "上海市第五人民医院",
    "address": "景谷中路58弄49号",
    "join_party_date": "2002/6/25",
    "nation": "汉族",
    "x": "2416",
    "y": "405",
    "sort": "2",
    "political_status": "党员",
    "brithday": "1987/4/20"
  },
  {
    "name": "刘奕丹",
    "sex": "女",
    "education": "大学本科",
    "speciality": "文艺体育 ",
    "claimPosition": "平安志愿者",
    "unit": "上海南德认证检测上海分公司",
    "address": "景谷中路58弄6号",
    "join_party_date": "2011/3/15",
    "nation": "汉族",
    "x": "2676",
    "y": "468",
    "sort": "2",
    "political_status": "党员",
    "brithday": "1989/7/10"
  },
  {
    "name": "陆佩芬",
    "sex": "女",
    "education": "大学本科",
    "speciality": "其他 ",
    "claimPosition": "宣传教育",
    "unit": "闵行区启智学校",
    "address": "景谷中路58弄48号",
    "join_party_date": "2007/6/18",
    "nation": "汉族",
    "x": "2499",
    "y": "545",
    "sort": "2",
    "political_status": "党员",
    "brithday": "1978/10/26"
  },
  {
    "name": "马建军",
    "sex": "男",
    "education": "大学专科",
    "speciality": "其他 ",
    "claimPosition": "卫生保健",
    "unit": "上海市第五人民医院",
    "address": "景谷中路58弄57号",
    "join_party_date": "1994/1/25",
    "nation": "汉族",
    "x": "2586",
    "y": "568",
    "sort": "2",
    "political_status": "党员",
    "brithday": "1971/8/1"
  },
  {
    "name": "钱巍",
    "sex": "女",
    "education": "大学专科",
    "speciality": "社会工作 ",
    "claimPosition": "宣传教育",
    "unit": "马桥镇人民政府",
    "address": "景谷中路58弄42号",
    "join_party_date": "2003/11/1",
    "nation": "汉族",
    "x": "2597",
    "y": "566",
    "sort": "2",
    "political_status": "党员",
    "brithday": "1974/10/1"
  },
  {
    "name": "时建慧",
    "sex": "女",
    "education": "大学本科",
    "speciality": "社会工作 ",
    "claimPosition": "社区志愿者",
    "unit": "上海市闵行资产投资经营有限公司",
    "address": "景谷中路58弄33号",
    "join_party_date": "2016/10/13",
    "nation": "汉族",
    "x": "2648",
    "y": "696",
    "sort": "2",
    "political_status": "党员",
    "brithday": "1978/10/12"
  },
  {
    "name": "孙佳莹",
    "sex": "女",
    "education": "大学本科",
    "speciality": "社会工作 ",
    "claimPosition": "社区志愿者",
    "unit": "江川路街道",
    "address": "景谷中路58弄25号",
    "join_party_date": "2016/12/28",
    "nation": "汉族",
    "x": "2532",
    "y": "668",
    "sort": "2",
    "political_status": "党员",
    "brithday": "1986/11/14"
  },
  {
    "name": "陶霞",
    "sex": "女",
    "education": "大学本科",
    "speciality": "社会工作 文艺体育 ",
    "claimPosition": "宣传教育",
    "unit": "上海益达机械有限公司",
    "address": "景谷路58弄58号",
    "join_party_date": "2009/11/4",
    "nation": "汉族",
    "x": "2099",
    "y": "482",
    "sort": "2",
    "political_status": "党员",
    "brithday": "1985/10/3"
  },
  {
    "name": "汪玲玲",
    "sex": "女",
    "education": "大学本科",
    "speciality": "教育咨询 医疗服务 为老服务 社会工作 ",
    "claimPosition": "卫生保健",
    "unit": "上海市第五人民医院",
    "address": "景谷中路58弄51号",
    "join_party_date": "2011/5/26",
    "nation": "汉族",
    "x": "1799",
    "y": "466",
    "sort": "2",
    "political_status": "党员",
    "brithday": "1991/7/14"
  },
  {
    "name": "汪倩",
    "sex": "女",
    "education": "大学本科",
    "speciality": "其他 ",
    "claimPosition": "宣传教育",
    "unit": "上海教科实验中学",
    "address": "景谷中路58弄45号",
    "join_party_date": "2009/5/10",
    "nation": "汉族",
    "x": "1804",
    "y": "450",
    "sort": "2",
    "political_status": "党员",
    "brithday": "1985/11/1"
  },
  {
    "name": "魏弢",
    "sex": "男",
    "education": "大学本科",
    "speciality": "其他 ",
    "claimPosition": "卫生保健",
    "unit": "上海市第五人民医院",
    "address": "景谷路176弄56号",
    "join_party_date": "2000/1/6",
    "nation": "蒙古族",
    "x": "1558",
    "y": "589",
    "sort": "2",
    "political_status": "党员",
    "brithday": "1976/11/30"
  },
  {
    "name": "吴裕寅",
    "sex": "男",
    "education": "大学本科",
    "speciality": "社会工作 ",
    "claimPosition": "社会工作",
    "unit": "上海市闵行公安分局",
    "address": "景谷中路58弄36号",
    "join_party_date": "2016/12/30",
    "nation": "汉族",
    "x": "2186",
    "y": "682",
    "sort": "2",
    "political_status": "党员",
    "brithday": "1986/9/3"
  },
  {
    "name": "徐海峰",
    "sex": "女",
    "education": "大学专科",
    "speciality": "社会工作 ",
    "claimPosition": "社区志愿者",
    "unit": "颛桥镇光明村村委",
    "address": "景谷中路58弄42号",
    "join_party_date": "2012/11/20",
    "nation": "汉族",
    "x": "2290",
    "y": "701",
    "sort": "2",
    "political_status": "党员",
    "brithday": "1977/1/9"
  },
  {
    "name": "杨敏",
    "sex": "女",
    "education": "大学本科",
    "speciality": "医疗服务 ",
    "claimPosition": "卫生保健",
    "unit": "上海市第五人民医院",
    "address": "景谷中路58弄50号",
    "join_party_date": "2008/12/31",
    "nation": "汉族",
    "x": "2706",
    "y": "1033",
    "sort": "2",
    "political_status": "党员",
    "brithday": "1987/4/20"
  },
  {
    "name": "张慧兰",
    "sex": "女",
    "education": "大学本科",
    "speciality": "其他 ",
    "claimPosition": "扶贫帮困",
    "unit": "上海星星肠衣有限公司 外贸部",
    "address": "景谷中路58弄28号",
    "join_party_date": "2005/10/21",
    "nation": "汉族",
    "x": "2239",
    "y": "903",
    "sort": "2",
    "political_status": "党员",
    "brithday": "1980/5/25"
  },
  {
    "name": "张镜丹",
    "sex": "男",
    "education": "大学本科",
    "speciality": "其他 ",
    "claimPosition": "个性讲堂",
    "unit": "文绮中学",
    "address": "景谷中路58弄32号",
    "join_party_date": "1992/3/28",
    "nation": "汉族",
    "x": "2202",
    "y": "903",
    "sort": "2",
    "political_status": "党员",
    "brithday": "1961/5/3"
  },
  {
    "name": "张瑛",
    "sex": "女",
    "education": "大学本科",
    "speciality": "教育咨询 医疗服务 为老服务 ",
    "claimPosition": "卫生保健",
    "unit": "金宝医疗器材（上海）有限公司",
    "address": "景谷中路58弄47号",
    "join_party_date": "2016/11/9",
    "nation": "汉族",
    "x": "1844",
    "y": "798",
    "sort": "2",
    "political_status": "党员",
    "brithday": "1977/1/27"
  },
  {
    "name": "张永兴",
    "sex": "男",
    "education": "高中、中技",
    "speciality": "其他 ",
    "claimPosition": "扶贫帮困",
    "unit": "上海米其林轮胎有限公司",
    "address": "景谷中路58弄55号",
    "join_party_date": "1995/12/7",
    "nation": "汉族",
    "x": "2027",
    "y": "361",
    "sort": "2",
    "political_status": "党员",
    "brithday": "1965/10/3"
  },
  {
    "name": "张芸",
    "sex": "女",
    "education": "大学本科",
    "speciality": "文艺体育 ",
    "claimPosition": "扶贫帮困",
    "unit": "上海南虹桥投资开发有限公司办公室宣传策划",
    "address": "景谷中路58弄22号",
    "join_party_date": "2011/11/1",
    "nation": "汉族",
    "x": "2248",
    "y": "898",
    "sort": "2",
    "political_status": "党员",
    "brithday": "1988/9/19"
  },
  {
    "name": "诸治英",
    "sex": "女",
    "education": "大学本科",
    "speciality": "社会工作 ",
    "claimPosition": "卫生保健",
    "unit": "江川社区卫生服务中心",
    "address": "景谷中路58弄25号",
    "join_party_date": "2007/7/19",
    "nation": "汉族",
    "x": "2318",
    "y": "405",
    "sort": "2",
    "political_status": "党员",
    "brithday": "1978/9/3"
  },
  {
    "name": "赵盛润",
    "sex": "女",
    "education": "大学本科",
    "speciality": "教育咨询 ",
    "claimPosition": "个性讲堂",
    "unit": "文绮中学",
    "address": "上海市闵行区江川路街道江川东路950号",
    "join_party_date": "2007/3/1",
    "nation": "汉族",
    "x": "-500",
    "y": "-500",
    "sort": "2",
    "political_status": "党员",
    "brithday": "1984/12/11"
  },
  {
    "name": "王佳俊",
    "sex": "男",
    "education": "大学本科",
    "speciality": "政策解读 理论研究 社区调解 社会工作 ",
    "claimPosition": "宣传教育",
    "unit": "安宁一居委",
    "address": "上海市闵行区金平路788弄200号",
    "join_party_date": "2009/3/1",
    "nation": "汉族",
    "x": "-500",
    "y": "-500",
    "sort": "2",
    "political_status": "党员",
    "brithday": "1986/11/7"
  },
  {
    "name": "陈焕勤",
    "sex": "男",
    "education": "大学本科",
    "speciality": "教育咨询 文艺体育 ",
    "claimPosition": "个性讲堂",
    "unit": "文绮中学",
    "address": "沧源路755弄73号",
    "join_party_date": "2002/12/1",
    "nation": "汉族",
    "x": "-500",
    "y": "-500",
    "sort": "2",
    "political_status": "党员",
    "brithday": "1964/1/22"
  },
  {
    "name": "陈轶",
    "sex": "男",
    "education": "大学专科",
    "speciality": "教育咨询 ",
    "claimPosition": "个性讲堂",
    "unit": "文绮中学",
    "address": "金平路788弄139号",
    "join_party_date": "2006/4/21",
    "nation": "汉族",
    "x": "-500",
    "y": "-500",
    "sort": "2",
    "political_status": "党员",
    "brithday": "1979/6/19"
  },
  {
    "name": "丁峰",
    "sex": "男",
    "education": "大学本科",
    "speciality": "教育咨询 ",
    "claimPosition": "个性讲堂",
    "unit": "文绮中学",
    "address": "兰坪路136弄4号",
    "join_party_date": "2007/6/8",
    "nation": "汉族",
    "x": "-500",
    "y": "-500",
    "sort": "2",
    "political_status": "党员",
    "brithday": "1971/3/11"
  },
  {
    "name": "陆秉斌",
    "sex": "男",
    "education": "大学专科",
    "speciality": "教育咨询 ",
    "claimPosition": "个性讲堂",
    "unit": "文绮中学",
    "address": "金平路328弄61号",
    "join_party_date": "1993/2/26",
    "nation": "汉族",
    "x": "-500",
    "y": "-500",
    "sort": "2",
    "political_status": "党员",
    "brithday": "1971/10/31"
  },
  {
    "name": "盛菊华",
    "sex": "女",
    "education": "大学本科",
    "speciality": "教育咨询 ",
    "claimPosition": "个性讲堂",
    "unit": "文绮中学",
    "address": "马桥西新路58弄17号",
    "join_party_date": "1994/11/5",
    "nation": "汉族",
    "x": "-500",
    "y": "-500",
    "sort": "2",
    "political_status": "党员",
    "brithday": "1967/6/21"
  },
  {
    "name": "武蓉",
    "sex": "女",
    "education": "大学专科",
    "speciality": "教育咨询 ",
    "claimPosition": "个性讲堂",
    "unit": "文绮中学",
    "address": "闵行都市路399弄91号",
    "join_party_date": "1995/9/25",
    "nation": "汉族",
    "x": "-500",
    "y": "-500",
    "sort": "2",
    "political_status": "党员",
    "brithday": "1961/8/29"
  },
  {
    "name": "徐虹",
    "sex": "女",
    "education": "大学本科",
    "speciality": "教育咨询 ",
    "claimPosition": "个性讲堂",
    "unit": "文绮中学",
    "address": "沪光路555弄13号201室",
    "join_party_date": "2006/3/1",
    "nation": "汉族",
    "x": "-500",
    "y": "-500",
    "sort": "2",
    "political_status": "党员",
    "brithday": "1983/1/9"
  },
  {
    "name": "杨卓远",
    "sex": "男",
    "education": "大学本科",
    "speciality": "教育咨询 ",
    "claimPosition": "个性讲堂",
    "unit": "文绮中学",
    "address": "上海市闵行区金平路788弄207号",
    "join_party_date": "1997/12/18",
    "nation": "汉族",
    "x": "-500",
    "y": "-500",
    "sort": "2",
    "political_status": "党员",
    "brithday": "1974/9/21"
  },
  {
    "name": "袁杏萍",
    "sex": "女",
    "education": "大学本科",
    "speciality": "教育咨询 ",
    "claimPosition": "个性讲堂",
    "unit": "文绮中学",
    "address": "金平路558弄103号",
    "join_party_date": "2006/4/21",
    "nation": "汉族",
    "x": "-500",
    "y": "-500",
    "sort": "2",
    "political_status": "党员",
    "brithday": "1967/8/27"
  },
  {
    "name": "陈美娟",
    "sex": "女",
    "education": "大学本科",
    "speciality": "教育咨询 ",
    "claimPosition": "个性讲堂",
    "unit": "文绮中学",
    "address": "金平路328弄83号",
    "join_party_date": "2002/5/28",
    "nation": "汉族",
    "x": "-500",
    "y": "-500",
    "sort": "2",
    "political_status": "党员",
    "brithday": "1973/10/29"
  },
  {
    "name": "王淑芳",
    "sex": "女",
    "education": "大学本科",
    "speciality": "教育咨询 文艺体育 ",
    "claimPosition": "个性讲堂",
    "unit": "文绮中学",
    "address": "颛盛路35弄4号",
    "join_party_date": "2008/11/14",
    "nation": "汉族",
    "x": "-500",
    "y": "-500",
    "sort": "2",
    "political_status": "党员",
    "brithday": "1972/5/5"
  },
  {
    "name": "沈柳韵",
    "sex": "女",
    "education": "大学本科",
    "speciality": "社会工作 ",
    "claimPosition": "社区志愿者",
    "unit": "上海上电机电设备工程有限公司",
    "address": "金平路777弄127号",
    "join_party_date": "2003/5/11",
    "nation": "汉族",
    "x": "-500",
    "y": "-500",
    "sort": "2",
    "political_status": "党员",
    "brithday": "1982/11/16"
  },
  {
    "name": "白薇",
    "sex": "女",
    "education": "研究生",
    "speciality": "教育咨询 ",
    "claimPosition": "个性讲堂",
    "unit": "文绮中学",
    "address": "闵行区江川东路980号",
    "join_party_date": "2000/6/8",
    "nation": "汉族",
    "x": "-500",
    "y": "-500",
    "sort": "2",
    "political_status": "党员",
    "brithday": "1982/6/5"
  },
  {
    "name": "范淑静",
    "sex": "女",
    "education": "研究生",
    "speciality": "文艺体育 ",
    "claimPosition": "宣传教育",
    "unit": "上海燕谷坊农业科技股份有限公司",
    "address": "东川路865弄58号",
    "join_party_date": "2009/10/11",
    "nation": "汉族",
    "x": "-500",
    "y": "-500",
    "sort": "2",
    "political_status": "党员",
    "brithday": "1987/1/18"
  },
  {
    "name": "钱慧珍",
    "sex": "女",
    "education": "大学本科",
    "speciality": "政策解读 理论研究 社会工作 ",
    "claimPosition": "社区志愿者",
    "unit": "闵行区科委",
    "address": "兰坪路136弄3号",
    "join_party_date": "2005/4/1",
    "nation": "汉族",
    "x": "-500",
    "y": "-500",
    "sort": "2",
    "political_status": "党员",
    "brithday": "1984/11/7"
  },
  {
    "name": "沈惠芸",
    "sex": "女",
    "education": "大学本科",
    "speciality": "教育咨询 ",
    "claimPosition": "个性讲堂",
    "unit": "文绮中学",
    "address": "闵行区鹤庆路560弄40号",
    "join_party_date": "1994/10/21",
    "nation": "汉族",
    "x": "-500",
    "y": "-500",
    "sort": "2",
    "political_status": "党员",
    "brithday": "1969/7/4"
  },
  {
    "name": "张琼学",
    "sex": "男",
    "education": "大学本科",
    "speciality": "教育咨询 ",
    "claimPosition": "个性讲堂",
    "unit": "文绮中学",
    "address": "七莘路181弄23号",
    "join_party_date": "1993/7/1",
    "nation": "汉族",
    "x": "-500",
    "y": "-500",
    "sort": "2",
    "political_status": "党员",
    "brithday": "1970/5/31"
  },
  {
    "name": "费瑛",
    "sex": "女",
    "education": "大学本科",
    "speciality": "社会工作 花草养护 ",
    "claimPosition": "宣传教育",
    "unit": "上海科举化工有限公司",
    "address": "新闵路522弄11号",
    "join_party_date": "2002/1/4",
    "nation": "汉族",
    "x": "-500",
    "y": "-500",
    "sort": "2",
    "political_status": "党员",
    "brithday": "1969/3/15"
  },
  {
    "name": "顾琴兰",
    "sex": "女",
    "education": "大学本科",
    "speciality": "教育咨询 ",
    "claimPosition": "个性讲堂",
    "unit": "文绮中学",
    "address": "闵行区安宁路458弄75号",
    "join_party_date": "1998/2/25",
    "nation": "汉族",
    "x": "-500",
    "y": "-500",
    "sort": "2",
    "political_status": "党员",
    "brithday": "1964/2/6"
  },
  {
    "name": "戴一燕",
    "sex": "女",
    "education": "大学本科",
    "speciality": "社会工作 ",
    "claimPosition": "扶贫帮困",
    "unit": "上海南华兰陵电气有限公司",
    "address": "闵行区鹤庆路358弄12号",
    "join_party_date": "2008/6/6",
    "nation": "汉族",
    "x": "-500",
    "y": "-500",
    "sort": "2",
    "political_status": "党员",
    "brithday": "1983/7/12"
  },
  {
    "name": "许灵均",
    "sex": "女",
    "education": "大学本科",
    "speciality": "教育咨询 ",
    "claimPosition": "个性讲堂",
    "unit": "文绮中学",
    "address": "闵行区金平路328弄73号",
    "join_party_date": "2008/6/6",
    "nation": "汉族",
    "x": "-500",
    "y": "-500",
    "sort": "2",
    "political_status": "党员",
    "brithday": "1982/6/21"
  },
  {
    "name": "陈嘉月",
    "sex": "男",
    "education": "大学本科",
    "speciality": "教育咨询 ",
    "claimPosition": "个性讲堂",
    "unit": "文绮中学",
    "address": "闵行区江川东路980号",
    "join_party_date": "2009/6/5",
    "nation": "汉族",
    "x": "-500",
    "y": "-500",
    "sort": "2",
    "political_status": "党员",
    "brithday": "1984/3/5"
  },
  {
    "name": "丁强",
    "sex": "男",
    "education": "研究生",
    "speciality": "教育咨询 ",
    "claimPosition": "个性讲堂",
    "unit": "文绮中学",
    "address": "腾冲路50弄11号",
    "join_party_date": "2006/4/1",
    "nation": "汉族",
    "x": "-500",
    "y": "-500",
    "sort": "2",
    "political_status": "党员",
    "brithday": "1987/5/15"
  },
  {
    "name": "张文静",
    "sex": "女",
    "education": "大学本科",
    "speciality": "为老服务 社会工作 ",
    "claimPosition": "平安志愿者",
    "unit": "气三居委",
    "address": "沧源路755弄74号",
    "join_party_date": "2007/6/1",
    "nation": "汉族",
    "x": "-500",
    "y": "-500",
    "sort": "2",
    "political_status": "党员",
    "brithday": "1986/10/21"
  },
  {
    "name": "张红",
    "sex": "男",
    "education": "大学本科",
    "speciality": "教育咨询 ",
    "claimPosition": "个性讲堂",
    "unit": "文绮中学",
    "address": "富卓路789弄58号",
    "join_party_date": "2007/3/1",
    "nation": "汉族",
    "x": "-500",
    "y": "-500",
    "sort": "2",
    "political_status": "党员",
    "brithday": "1983/10/8"
  },
  {
    "name": "朱志生",
    "sex": "男",
    "education": "大学本科",
    "speciality": "社会工作 ",
    "claimPosition": "社区志愿者",
    "unit": "闵行公安分局案件审理组",
    "address": "石屏路399弄36号",
    "join_party_date": "1987/3/1",
    "nation": "汉族",
    "x": "-500",
    "y": "-500",
    "sort": "2",
    "political_status": "党员",
    "brithday": "1961/11/16"
  },
  {
    "name": "张艳霞",
    "sex": "女",
    "education": "研究生",
    "speciality": "教育咨询 ",
    "claimPosition": "个性讲堂",
    "unit": "文绮中学",
    "address": "江川东路980号",
    "join_party_date": "2011/12/13",
    "nation": "汉族",
    "x": "-500",
    "y": "-500",
    "sort": "2",
    "political_status": "党员",
    "brithday": "1988/9/1"
  },
  {
    "name": "王璐晔",
    "sex": "女",
    "education": "大学本科",
    "speciality": "教育咨询 ",
    "claimPosition": "个性讲堂",
    "unit": "文绮中学",
    "address": "昌里东路71弄1号",
    "join_party_date": "2015/6/15",
    "nation": "汉族",
    "x": "-500",
    "y": "-500",
    "sort": "2",
    "political_status": "党员",
    "brithday": "1984/1/24"
  },
  {
    "name": "牛俊人",
    "sex": "女",
    "education": "大学本科",
    "speciality": "医疗服务 ",
    "claimPosition": "卫生保健",
    "unit": "上海市第五人民医院",
    "address": "沪闵路158弄10号",
    "join_party_date": "1995/1/13",
    "nation": "汉族",
    "x": "-500",
    "y": "-500",
    "sort": "2",
    "political_status": "党员",
    "brithday": "1975/3/16"
  },
  {
    "name": "姚艳丽",
    "sex": "女",
    "education": "大学本科",
    "speciality": "教育咨询 ",
    "claimPosition": "个性讲堂",
    "unit": "文绮中学",
    "address": "金平路777弄145号",
    "join_party_date": "2000/4/1",
    "nation": "汉族",
    "x": "-500",
    "y": "-500",
    "sort": "2",
    "political_status": "党员",
    "brithday": "1977/8/4"
  },
  {
    "name": "瞿燕",
    "sex": "女",
    "education": "大学本科",
    "speciality": "其他 ",
    "claimPosition": "卫生保健",
    "unit": "上海市第五人民医院",
    "address": "安宁路379弄35号",
    "join_party_date": "2006/4/21",
    "nation": "汉族",
    "x": "-500",
    "y": "-500",
    "sort": "2",
    "political_status": "党员",
    "brithday": "1980/5/29"
  },
  {
    "name": "王晓宇",
    "sex": "女",
    "education": "大学专科",
    "speciality": "其他 ",
    "claimPosition": "宣传教育",
    "unit": "上海科举化工有限公司",
    "address": "宝城路158弄31号",
    "join_party_date": "1996/12/1",
    "nation": "汉族",
    "x": "-500",
    "y": "-500",
    "sort": "2",
    "political_status": "党员",
    "brithday": "1976/9/25"
  },
  {
    "name": "韩淑丽",
    "sex": "女",
    "education": "大学本科",
    "speciality": "教育咨询 文艺体育 ",
    "claimPosition": "个性讲堂",
    "unit": "文绮中学",
    "address": "金平路788弄207号",
    "join_party_date": "1998/4/1",
    "nation": "汉族",
    "x": "-500",
    "y": "-500",
    "sort": "2",
    "political_status": "党员",
    "brithday": "1975/9/3"
  },
  {
    "name": "赵霞",
    "sex": "女",
    "education": "大学本科",
    "speciality": "教育咨询 医疗服务 ",
    "claimPosition": "卫生保健",
    "unit": "闵行区肿瘤医院",
    "address": "颛兴路",
    "join_party_date": "2010/3/17",
    "nation": "汉族",
    "x": "-500",
    "y": "-500",
    "sort": "2",
    "political_status": "党员",
    "brithday": "1986/7/29"
  },
  {
    "name": "宋月",
    "sex": "女",
    "education": "研究生",
    "speciality": "教育咨询 ",
    "claimPosition": "个性讲堂",
    "unit": "文绮中学",
    "address": "银春路2200弄万科城36号",
    "join_party_date": "2009/6/10",
    "nation": "汉族",
    "x": "-500",
    "y": "-500",
    "sort": "2",
    "political_status": "党员",
    "brithday": "1987/11/23"
  },
  {
    "name": "许晓刚",
    "sex": "男",
    "education": "大学本科",
    "speciality": "教育咨询 ",
    "claimPosition": "个性讲堂",
    "unit": "文绮中学",
    "address": "石屏路399弄28号",
    "join_party_date": "1991/7/1",
    "nation": "汉族",
    "x": "-500",
    "y": "-500",
    "sort": "2",
    "political_status": "党员",
    "brithday": "1958/11/2"
  },
  {
    "name": "王偲婧",
    "sex": "女",
    "education": "大学本科",
    "speciality": "教育咨询 ",
    "claimPosition": "个性讲堂",
    "unit": "文绮中学",
    "address": "安宁路289弄29号",
    "join_party_date": "2012/3/21",
    "nation": "汉族",
    "x": "-500",
    "y": "-500",
    "sort": "2",
    "political_status": "党员",
    "brithday": "1989/3/11"
  },
  {
    "name": "肖锋",
    "sex": "女",
    "education": "研究生",
    "speciality": "教育咨询 ",
    "claimPosition": "个性讲堂",
    "unit": "文绮中学",
    "address": "闵行区金平路777弄145号",
    "join_party_date": "2005/1/5",
    "nation": "汉族",
    "x": "-500",
    "y": "-500",
    "sort": "2",
    "political_status": "党员",
    "brithday": "1976/3/12"
  },
  {
    "name": "马晓军",
    "sex": "男",
    "education": "研究生",
    "speciality": "教育咨询 文艺体育 ",
    "claimPosition": "个性讲堂",
    "unit": "文绮中学",
    "address": "沪闵路2550号",
    "join_party_date": "1996/7/1",
    "nation": "汉族",
    "x": "-500",
    "y": "-500",
    "sort": "2",
    "political_status": "党员",
    "brithday": "1975/8/13"
  },
  {
    "name": "何银祥",
    "sex": "男",
    "education": "高中、中技",
    "speciality": "教育咨询 ",
    "claimPosition": "个性讲堂",
    "unit": "文绮中学",
    "address": "安宁路379弄19号",
    "join_party_date": "1971/4/1",
    "nation": "汉族",
    "x": "-500",
    "y": "-500",
    "sort": "2",
    "political_status": "党员",
    "brithday": "1950/2/15"
  },
  {
    "name": "翁金龙",
    "sex": "男",
    "education": "高中、中技",
    "speciality": "教育咨询 ",
    "claimPosition": "个性讲堂",
    "unit": "文绮中学",
    "address": "金平路328弄112号",
    "join_party_date": "1984/6/26",
    "nation": "汉族",
    "x": "-500",
    "y": "-500",
    "sort": "2",
    "political_status": "党员",
    "brithday": "1956/12/8"
  },
  {
    "name": "钱祎平",
    "sex": "女",
    "education": "大学本科",
    "speciality": "教育咨询 ",
    "claimPosition": "个性讲堂",
    "unit": "文绮中学",
    "address": "安宁路26弄44号",
    "join_party_date": "2012/5/4",
    "nation": "汉族",
    "x": "-500",
    "y": "-500",
    "sort": "2",
    "political_status": "党员",
    "brithday": "1981/9/12"
  },
  {
    "name": "张忠英",
    "sex": "女",
    "education": "大学本科",
    "speciality": "教育咨询 ",
    "claimPosition": "个性讲堂",
    "unit": "文绮中学",
    "address": "鹤庆路560弄18号",
    "join_party_date": "1996/11/16",
    "nation": "汉族",
    "x": "-500",
    "y": "-500",
    "sort": "2",
    "political_status": "党员",
    "brithday": "1971/11/12"
  },
  {
    "name": "陈晨",
    "sex": "女",
    "education": "大学本科",
    "speciality": "教育咨询 ",
    "claimPosition": "个性讲堂",
    "unit": "文绮中学",
    "address": "安宁路289弄17号",
    "join_party_date": "2006/6/14",
    "nation": "汉族",
    "x": "-500",
    "y": "-500",
    "sort": "2",
    "political_status": "党员",
    "brithday": "1985/5/25"
  },
  {
    "name": "石磊敏",
    "sex": "男",
    "education": "大学本科",
    "speciality": "教育咨询 ",
    "claimPosition": "个性讲堂",
    "unit": "文绮中学",
    "address": "安宁路289弄15号",
    "join_party_date": "2014/9/5",
    "nation": "汉族",
    "x": "-500",
    "y": "-500",
    "sort": "2",
    "political_status": "党员",
    "brithday": "1992/7/6"
  },
  {
    "name": "魏弢",
    "sex": "男",
    "education": "大学本科",
    "speciality": "教育咨询 ",
    "claimPosition": "个性讲堂",
    "unit": "文绮中学",
    "address": "景谷路176弄56号",
    "join_party_date": "2000/1/6",
    "nation": "蒙古族",
    "x": "-500",
    "y": "-500",
    "sort": "2",
    "political_status": "党员",
    "brithday": "1976/11/30"
  },
  {
    "name": "马彩亮",
    "sex": "女",
    "education": "研究生",
    "speciality": "政策解读 社会工作 ",
    "claimPosition": "宣传教育",
    "unit": "江川路街道外口办",
    "address": "平阳路1515弄龙祥嘉园1楼",
    "join_party_date": "2011/12/23",
    "nation": "汉族",
    "x": "-500",
    "y": "-500",
    "sort": "2",
    "political_status": "党员",
    "brithday": "1988/3/19"
  },
  {
    "name": "任晨",
    "sex": "女",
    "education": "大学专科",
    "speciality": "教育咨询 ",
    "claimPosition": "个性讲堂",
    "unit": "文绮中学",
    "address": "新闵路481弄5号",
    "join_party_date": "2012/11/8",
    "nation": "汉族",
    "x": "-500",
    "y": "-500",
    "sort": "2",
    "political_status": "党员",
    "brithday": "1973/11/1"
  },
  {
    "name": "张冬颖",
    "sex": "女",
    "education": "大学本科",
    "speciality": "教育咨询 ",
    "claimPosition": "个性讲堂",
    "unit": "文绮中学",
    "address": "乐都西路1629弄57号",
    "join_party_date": "2007/10/10",
    "nation": "汉族",
    "x": "-500",
    "y": "-500",
    "sort": "2",
    "political_status": "党员",
    "brithday": "1978/1/9"
  },
  {
    "name": "杨修剑",
    "sex": "男",
    "education": "大学本科",
    "speciality": "教育咨询 ",
    "claimPosition": "个性讲堂",
    "unit": "文绮中学",
    "address": "鹤庆路560弄17号",
    "join_party_date": "2017/6/15",
    "nation": "汉族",
    "x": "-500",
    "y": "-500",
    "sort": "2",
    "political_status": "党员",
    "brithday": "1976/2/19"
  }
]